No,Protein,pdb_id,model#,start,end_1,end_2
1,CSF1R,3KRJ,1,542,574,910
2,DDR1,6FIO,2,438,610,905
3,EGFR,1MI4,3,668,712,979
4,EPHA2,5EK7,4,558,613,875
5,EPHA3,2QO2,5,565,621,882
6,EPHA7,2REI,6,576,633,894
7,EPHB4,6FNK,7,560,615,899
8,FGFR1,5AM6,8,397,478,767
9,FGFR2,3B2T,9,398,481,770
10,FGFR3,6PNX,10,396,472,761
11,FGFR4,4QQ5,11,390,467,755
12,FLT1,3HNG,12,780,827,1158
13,FLT3,6IL3,13,563,610,943
14,IGF1R,5FXQ,14,959,999,1274
15,INSR,1IRK,15,979,1023,1298
16,KDR,4ASD,16,785,834,1162
17,KIT,3GOE,17,545,589,937
18,MERTK,7AB2,18,526,587,858
19,MET,3VW8,19,955,1078,1345
20,NTRK1,6PL4,20,439,510,781
21,NTRK2,4AT5,21,454,538,807
22,NTRK3,6KZC,22,453,538,839
23,PDGFRA,5K5X,23,549,593,954
24,RET,4CKI,24,657,724,1016
25,TEK,1FVR,25,769,824,1096
