resno,Count,protein,model#,merge,driver_mut,x,y,z,clust_xyz,log_count,atomRadius,marker_No
650,219,FGFR3,10,10-650,1,12.9,23.5,-15.43,2,2.3,2.3,26
659,50,FGFR2,9,9-659,1,18.7,16.27,-19.19,2,1.7,1.7,27
558,29,KIT,17,17-558,1,16.54,19.14,-9.24,2,1.5,1.5,28
746,15,NTRK3,22,22-746,0,21.71,25.59,-20.01,2,1.2,1.2,29
568,11,KIT,17,17-568,0,25,22.02,-14.05,2,1.0,1.0,30
745,10,NTRK3,22,22-745,0,14.63,24.83,-20.54,2,1.0,1.0,31
702,8,NTRK1,20,20-702,0,13.93,26.72,-21.73,2,0.9,0.9,32
567,7,KIT,17,17-567,0,23.35,19.85,-19.94,2,0.8,0.8,33
904,7,RET,24,24-904,0,25.09,21.22,-15.12,2,0.8,0.8,34
722,6,MERTK,18,18-722,0,17.52,23.11,-9.46,2,0.8,0.8,35
678,5,NTRK3,22,22-678,0,16.59,24,-9.88,2,0.7,0.7,36
678,4,FGFR2,9,9-678,0,16.97,22.81,-23.04,2,0.6,0.6,37
577,4,FLT3,13,13-577,0,16.23,19.09,-7.69,2,0.6,0.6,38
649,4,NTRK1,20,20-649,0,17,24.2,-11.62,2,0.6,0.6,39
873,4,RET,24,24-873,0,16.4,24.57,-9.98,2,0.6,0.6,40
990,4,TIE2,25,25-990,0,23.43,22.55,-16.62,2,0.6,0.6,41
675,3,FGFR1,8,8-675,0,15.72,25.13,-19.19,2,0.5,0.5,42
669,3,FGFR3,10,10-669,0,13.77,27.08,-18.67,2,0.5,0.5,43
589,3,FLT3,13,13-589,0,22.78,20.63,-14.92,2,0.5,0.5,44
591,3,FLT3,13,13-591,1,18.05,19.14,-12.71,2,0.5,0.5,45
844,3,KIT,17,17-844,0,14.47,26.74,-20.37,2,0.5,0.5,46
845,3,KIT,17,17-845,0,19.73,24.35,-17.67,2,0.5,0.5,47
747,3,NTRK3,22,22-747,0,18.03,26.72,-13.83,2,0.5,0.5,48
571,3,PGFRA,23,23-571,0,24.13,15.13,-20.6,2,0.5,0.5,49
897,3,RET,24,24-897,0,15.97,19.1,-8.65,2,0.5,0.5,50
767,2,EPHB4,7,7-767,0,14.62,22.25,-17.12,2,0.3,0.3,51
795,2,EPHB4,7,7-795,0,15.22,26.13,-20.1,2,0.3,0.3,52
625,2,FGFR2,9,9-625,0,16.16,24.24,-10.29,2,0.3,0.3,53
611,2,FGFR4,11,11-611,0,17.62,23.59,-9.75,2,0.3,0.3,54
664,2,FGFR4,11,11-664,0,14.94,25.57,-20.29,2,0.3,0.3,55
807,2,FLT1,12,12-807,0,17.5,17.38,-7.48,2,0.3,0.3,56
1211,2,INSR,15,15-1211,0,16.83,27.62,-19.14,2,0.3,0.3,57
815,2,KDR,16,16-815,0,18.79,17.04,-11.97,2,0.3,0.3,58
846,2,KIT,17,17-846,0,16.15,26.56,-12.62,2,0.3,0.3,59
488,2,NTRK1,20,20-488,0,16.24,17.1,-10.32,2,0.3,0.3,60
489,2,NTRK1,20,20-489,0,16.47,21.21,-7.71,2,0.3,0.3,61
703,2,NTRK1,20,20-703,0,23.17,26.35,-20.45,2,0.3,0.3,62
675,2,NTRK2,21,21-675,0,17.3,23.46,-9.38,2,0.3,0.3,63
726,2,NTRK2,21,21-726,0,18.01,33.35,-22.71,2,0.3,0.3,64
560,2,PGFRA,23,23-560,0,16.63,19.15,-11.29,2,0.3,0.3,65
817,2,PGFRA,23,23-817,0,16.11,24.08,-10.23,2,0.3,0.3,66
905,2,RET,24,24-905,0,16.32,19.23,-13.05,2,0.3,0.3,67
906,2,RET,24,24-906,0,20.15,20.9,-18.24,2,0.3,0.3,68
907,2,RET,24,24-907,0,13.13,21.39,-15.65,2,0.3,0.3,69
924,2,RET,24,24-924,0,17.52,34.06,-22.73,2,0.3,0.3,70
925,2,RET,24,24-925,0,20.76,28.83,-22.7,2,0.3,0.3,71
926,2,RET,24,24-926,0,15.17,25.87,-20.01,2,0.3,0.3,72
777,1,CSF1R,1,1-777,0,16.27,23.99,-10.16,2,0.0,,73
829,1,CSF1R,1,1-829,0,20.86,28.75,-22.75,2,0.0,,74
793,1,EPHB4,7,7-793,0,18.97,31.29,-22.46,2,0.0,,75
674,1,FGFR1,8,8-674,0,21.45,29.75,-22.74,2,0.0,,76
655,1,FGFR2,9,9-655,0,26.02,18.51,-15.51,2,0.0,,77
676,1,FGFR2,9,9-676,0,17.72,33.71,-22.06,2,0.0,,78
677,1,FGFR2,9,9-677,0,21.75,29.45,-22.77,2,0.0,,79
679,1,FGFR2,9,9-679,0,22.78,25.18,-18.5,2,0.0,,80
616,1,FGFR3,10,10-616,0,16.49,23.54,-10.39,2,0.0,,81
670,1,FGFR3,10,10-670,0,20.67,24.95,-18.13,2,0.0,,82
663,1,FGFR4,11,11-663,0,20.49,29.1,-22.89,2,0.0,,83
665,1,FGFR4,11,11-665,0,22.04,25.97,-18.33,2,0.0,,84
1021,1,FLT1,12,12-1021,0,16.89,23.58,-9.39,2,0.0,,85
1073,1,FLT1,12,12-1073,0,19.93,28.47,-22.79,2,0.0,,86
808,1,FLT1,12,12-808,0,18.38,15.37,-11.64,2,0.0,,87
863,1,FLT3,13,13-863,0,16.92,26.26,-18.78,2,0.0,,88
865,1,FLT3,13,13-865,0,17.06,26.49,-13.46,2,0.0,,89
1134,1,IGF1R,14,14-1134,0,16.35,24.08,-10.64,2,0.0,,90
1226,1,IGF1R,14,14-1226,0,17.65,37.03,-22.14,2,0.0,,91
1081,1,KDR,16,16-1081,0,21.65,25.97,-18.07,2,0.0,,92
1082,1,KDR,16,16-1082,0,16.92,25.99,-13.47,2,0.0,,93
814,1,KDR,16,16-814,0,17.31,17.87,-7.08,2,0.0,,94
791,1,KIT,17,17-791,0,14.99,23.96,-9.3,2,0.0,,95
842,1,KIT,17,17-842,0,18.25,31.94,-24.88,2,0.0,,96
843,1,KIT,17,17-843,0,20.38,28.14,-22.46,2,0.0,,97
773,1,MERTK,18,18-773,0,18.67,31.35,-22.31,2,0.0,,98
774,1,MERTK,18,18-774,0,19.82,27.21,-21.91,2,0.0,,99
701,1,NTRK1,20,20-701,0,22.12,30.93,-23.84,2,0.0,,100
727,1,NTRK2,21,21-727,0,19.71,28.82,-24.03,2,0.0,,101
729,1,NTRK2,21,21-729,0,21.67,25.36,-19.67,2,0.0,,102
730,1,NTRK2,21,21-730,0,17.4,26.52,-12.89,2,0.0,,103
744,1,NTRK3,22,22-744,0,20.78,30.15,-24.23,2,0.0,,104
572,1,PGFRA,23,23-572,0,25.7,20.57,-15.35,2,0.0,,105
869,1,PGFRA,23,23-869,0,21.1,29.16,-22.93,2,0.0,,106
870,1,PGFRA,23,23-870,0,16.16,24.83,-19.16,2,0.0,,107
871,1,PGFRA,23,23-871,0,22.92,25.76,-17.77,2,0.0,,108
908,1,RET,24,24-908,0,13.85,17.88,-23.19,2,0.0,,109
1012,1,TIE2,25,25-1012,0,20.29,28.99,-24.01,2,0.0,,110
1014,1,TIE2,25,25-1014,0,20.2,25.63,-18.15,2,0.0,,111
1015,1,TIE2,25,25-1015,0,16.98,27.19,-13.28,2,0.0,,112
654,299,KIT,17,17-654,0,14.51,25.29,7.37,4,2.5,2.5,113
549,146,FGFR2,9,9-549,1,17.81,20.43,11.22,4,2.2,2.2,114
546,69,FGFR1,8,8-546,0,18.79,21.38,9.43,4,1.8,1.8,115
676,54,FLT3,13,13-676,1,18.85,21.55,9.32,4,1.7,1.7,116
659,49,PGFRA,23,23-659,1,18.71,21.72,9.35,4,1.7,1.7,117
535,24,FGFR4,11,11-535,1,18.58,21.51,8.97,4,1.4,1.4,118
655,16,KIT,17,17-655,0,18.8,21.88,9.67,4,1.2,1.2,119
565,13,FGFR2,9,9-565,1,15.16,24.87,12.96,4,1.1,1.1,120
641,13,FGFR2,9,9-641,1,18.09,28.46,10.06,4,1.1,1.1,121
660,5,NTRK2,21,21-660,0,21.56,34.34,3.22,4,0.7,0.7,122
691,5,NTRK2,21,21-691,0,18.81,28.06,10.4,4,0.7,0.7,123
692,5,NTRK2,21,21-692,0,19.48,29.34,2.85,4,0.7,0.7,124
547,4,FGFR2,9,9-547,0,20.83,24.6,5.34,4,0.6,0.6,125
613,4,FGFR2,9,9-613,0,24.68,28.51,3.99,4,0.6,0.6,126
891,4,FLT1,12,12-891,0,20.22,24.92,5.53,4,0.6,0.6,127
602,4,NTRK3,22,22-602,0,17.8,21.5,12.46,4,0.6,0.6,128
663,4,NTRK3,22,22-663,0,21.5,33.81,2.77,4,0.6,0.6,129
695,4,NTRK3,22,22-695,0,19.44,28.65,2.19,4,0.6,0.6,130
544,3,FGFR2,9,9-544,0,25.59,25.25,7.58,4,0.5,0.5,131
798,3,FLT3,13,13-798,0,24.3,28.3,3.6,4,0.5,0.5,132
1015,3,KDR,16,16-1015,0,24.42,27.97,3.86,4,0.5,0.5,133
779,3,KIT,17,17-779,0,24.07,28.45,3.84,4,0.5,0.5,134
618,3,NTRK2,21,21-618,0,14.58,24.91,12.55,4,0.5,0.5,135
664,2,CSF1R,1,1-664,0,15.62,23.65,12.06,4,0.3,0.3,136
765,2,CSF1R,1,1-765,0,24.01,28.14,3.94,4,0.3,0.3,137
544,2,FGFR1,8,8-544,0,20.39,24.26,5.56,4,0.3,0.3,138
538,2,FGFR3,10,10-538,0,20.1,24.42,5.43,4,0.3,0.3,139
887,2,FLT1,12,12-887,0,20.14,19.71,7.5,4,0.3,0.3,140
674,2,FLT3,13,13-674,0,20.3,24.63,5.18,4,0.3,0.3,141
675,2,FLT3,13,13-675,0,14.75,25.29,7.43,4,0.3,0.3,142
692,2,FLT3,13,13-692,0,15.88,23.51,12.35,4,0.3,0.3,143
795,2,FLT3,13,13-795,0,21.85,33.79,2.64,4,0.3,0.3,144
1151,2,IGF1R,14,14-1151,0,19.3,28.2,2.27,4,0.3,0.3,145
1086,2,INSR,15,15-1086,0,20.44,24.67,5.29,4,0.3,0.3,146
1012,2,KDR,16,16-1012,0,21.92,33.42,2.8,4,0.3,0.3,147
898,2,KDR,16,16-898,0,20.73,24.58,5.62,4,0.3,0.3,148
653,2,KIT,17,17-653,0,19.98,24.47,5.71,4,0.3,0.3,149
807,2,KIT,17,17-807,0,17.61,28.18,9.98,4,0.3,0.3,150
574,2,NTRK1,20,20-574,0,17.85,19.92,13.53,4,0.3,0.3,151
637,2,NTRK1,20,20-637,0,24.15,28.06,3.29,4,0.3,0.3,152
600,2,NTRK2,21,21-600,0,20.84,24.78,5.31,4,0.3,0.3,153
666,2,NTRK3,22,22-666,0,24.51,27.88,3.5,4,0.3,0.3,154
669,2,NTRK3,22,22-669,0,26.11,21.35,3.35,4,0.3,0.3,155
694,2,NTRK3,22,22-694,0,18.7,27.44,9.76,4,0.3,0.3,156
675,2,PGFRA,23,23-675,0,15.85,23.72,12.13,4,0.3,0.3,157
805,2,PGFRA,23,23-805,0,24.16,28.3,3.74,4,0.3,0.3,158
808,2,PGFRA,23,23-808,0,25.53,22.39,3.65,4,0.3,0.3,159
784,2,RET,24,24-784,0,26.12,24.9,7.52,4,0.3,0.3,160
789,2,RET,24,24-789,0,17.71,20.37,11.66,4,0.3,0.3,161
948,2,TIE2,25,25-948,0,21.75,33.36,2.66,4,0.3,0.3,162
681,1,DDR1,2,2-681,0,24.89,24.28,6.78,4,0.0,,163
685,1,DDR1,2,2-685,0,14.57,24.44,6.72,4,0.0,,164
753,1,DDR1,2,2-753,0,24.17,28.13,3.46,4,0.0,,165
781,1,DDR1,2,2-781,0,17.6,27.17,9.64,4,0.0,,166
673,1,EPHB4,7,7-673,0,25.62,24.79,6.94,4,0.0,,167
678,1,EPHB4,7,7-678,0,17.28,20.99,12.81,4,0.0,,168
610,1,FGFR1,8,8-610,0,24.01,28.19,3.97,4,0.0,,169
616,1,FGFR2,9,9-616,0,26.77,22.19,4.45,4,0.0,,170
642,1,FGFR2,9,9-642,0,19.31,28.73,2.68,4,0.0,,171
540,1,FGFR3,10,10-540,0,18.7,21.69,9.22,4,0.0,,172
601,1,FGFR3,10,10-601,0,21.54,33.95,2.92,4,0.0,,173
633,1,FGFR3,10,10-633,0,18.91,28.83,2.21,4,0.0,,174
892,1,FLT1,12,12-892,0,14.94,24.94,7.54,4,0.0,,175
893,1,FLT1,12,12-893,0,18.89,22.04,10.97,4,0.0,,176
671,1,FLT3,13,13-671,0,25.45,24.86,7.44,4,0.0,,177
801,1,FLT3,13,13-801,0,25.69,22.32,3.95,4,0.0,,178
1150,1,IGF1R,14,14-1150,0,19.04,28.56,9.74,4,0.0,,179
1044,1,KDR,16,16-1044,0,19.3,28.68,2.44,4,0.0,,180
895,1,KDR,16,16-895,0,25.61,25.09,7.65,4,0.0,,181
899,1,KDR,16,16-899,0,15.01,24.66,7.11,4,0.0,,182
900,1,KDR,16,16-900,0,18.82,22.01,10.59,4,0.0,,183
671,1,KIT,17,17-671,0,15.53,23.6,12.35,4,0.0,,184
672,1,MERTK,18,18-672,0,12.86,23.68,12.68,4,0.0,,185
713,1,MERTK,18,18-713,0,26.69,21.95,4.64,4,0.0,,186
572,1,NTRK1,20,20-572,0,20.38,24.29,4.86,4,0.0,,187
640,1,NTRK1,20,20-640,0,25.74,21.72,3.37,4,0.0,,188
666,1,NTRK1,20,20-666,0,19.14,28.64,2.18,4,0.0,,189
663,1,NTRK2,21,21-663,0,24.6,28.37,3.92,4,0.0,,190
666,1,NTRK2,21,21-666,0,26.09,22.04,4.07,4,0.0,,191
658,1,PGFRA,23,23-658,0,14.48,25.22,7.2,4,0.0,,192
834,1,PGFRA,23,23-834,0,19.12,29.05,2.33,4,0.0,,193
788,1,RET,24,24-788,0,15.34,24.71,8.01,4,0.0,,194
858,1,RET,24,24-858,0,21.97,33.65,3.48,4,0.0,,195
861,1,RET,24,24-861,0,25.25,27.92,4.12,4,0.0,,196
882,1,TIE2,25,25-882,0,25.38,24.86,7.78,4,0.0,,197
886,1,TIE2,25,25-886,0,14.64,25.1,7.24,4,0.0,,198
979,1,TIE2,25,25-979,0,17.8,28.08,9.97,4,0.0,,199
918,852,RET,24,24-918,1,15.73,32.47,-12.74,5,2.9,2.9,200
735,13,NTRK3,22,22-735,0,10.23,40.58,-11.3,5,1.1,1.1,201
708,8,FGFR2,9,9-708,0,6.86,44.69,-16.05,5,0.9,0.9,202
692,8,NTRK1,20,20-692,0,10.63,40.7,-11.7,5,0.9,0.9,203
1003,8,TIE2,25,25-1003,0,10.66,41.39,-11.44,5,0.9,0.9,204
664,7,FGFR1,8,8-664,0,11.55,35.43,-14.42,5,0.8,0.8,205
859,7,PGFRA,23,23-859,0,11.81,35.65,-15.08,5,0.8,0.8,206
874,6,KIT,17,17-874,0,7.28,46.7,-17.45,5,0.8,0.8,207
699,5,FGFR3,10,10-699,0,8.18,46.93,-17.55,5,0.7,0.7,208
694,5,FGFR4,11,11-694,0,7.43,44.71,-17.86,5,0.7,0.7,209
777,5,NTRK3,22,22-777,0,6.86,41,-21.25,5,0.7,0.7,210
666,4,FGFR2,9,9-666,0,11.7,32.2,-9.17,5,0.6,0.6,211
893,4,FLT3,13,13-893,0,6.73,45.72,-16.34,5,0.6,0.6,212
836,4,KIT,17,17-836,0,14.86,32.52,-13.42,5,0.6,0.6,213
778,4,NTRK3,22,22-778,0,8.34,46.31,-18.94,5,0.6,0.6,214
923,4,RET,24,24-923,0,15.56,33.41,-17.14,5,0.6,0.6,215
959,4,RET,24,24-959,0,9.77,43.03,-20.02,5,0.6,0.6,216
665,3,FGFR1,8,8-665,0,11.07,40.6,-11.79,5,0.5,0.5,217
843,3,FLT3,13,13-843,0,5.99,34.46,-15.48,5,0.5,0.5,218
895,3,FLT3,13,13-895,0,7.24,43.09,-20.5,5,0.5,0.5,219
833,3,KIT,17,17-833,0,11.33,35.96,-14.65,5,0.5,0.5,220
716,3,NTRK2,21,21-716,0,11.91,31.73,-9.63,5,0.5,0.5,221
708,2,FGFR1,8,8-708,0,8.33,44.57,-21.32,5,0.3,0.3,222
709,2,FGFR2,9,9-709,0,8.47,38.8,-14.95,5,0.3,0.3,223
710,2,FGFR2,9,9-710,0,4.81,40.54,-17.98,5,0.3,0.3,224
711,2,FGFR2,9,9-711,0,9.91,45.43,-19.82,5,0.3,0.3,225
652,2,FGFR4,11,11-652,0,10.25,32.46,-10.06,5,0.3,0.3,226
697,2,FGFR4,11,11-697,0,11.06,45.56,-21.21,5,0.3,0.3,227
1062,2,FLT1,12,12-1062,0,11.15,32.33,-9.93,5,0.3,0.3,228
1071,2,FLT1,12,12-1071,0,15.28,33.67,-18.07,5,0.3,0.3,229
1104,2,FLT1,12,12-1104,0,4.83,46.58,-16.92,5,0.3,0.3,230
1106,2,FLT1,12,12-1106,0,7.52,42.51,-21.24,5,0.3,0.3,231
860,2,FLT3,13,13-860,0,15.7,34.29,-17.92,5,0.3,0.3,232
1177,2,IGF1R,14,14-1177,0,10.34,40.82,-11.83,5,0.3,0.3,233
1241,2,INSR,15,15-1241,0,6.8,44.46,-17.94,5,0.3,0.3,234
1072,2,KDR,16,16-1072,0,14.5,32.4,-13.5,5,0.3,0.3,235
1077,2,KDR,16,16-1077,0,15.49,33.97,-18.12,5,0.3,0.3,236
824,2,KIT,17,17-824,0,6.22,36.48,-14.73,5,0.3,0.3,237
690,2,NTRK1,20,20-690,0,12.09,32.1,-10.54,5,0.3,0.3,238
735,2,NTRK1,20,20-735,0,8.52,46.47,-19.36,5,0.3,0.3,239
717,2,NTRK2,21,21-717,0,11.16,35.61,-14.36,5,0.3,0.3,240
720,2,NTRK2,21,21-720,0,15.22,32.27,-12.98,5,0.3,0.3,241
725,2,NTRK2,21,21-725,0,15.09,33.75,-17.77,5,0.3,0.3,242
760,2,NTRK2,21,21-760,0,6.66,39.72,-20.74,5,0.3,0.3,243
763,2,NTRK2,21,21-763,0,12.03,37.68,-19.19,5,0.3,0.3,244
742,2,NTRK3,22,22-742,0,15.57,34.21,-18.13,5,0.3,0.3,245
810,1,CSF1R,1,1-810,0,6.46,34.97,-14.95,5,0.0,,246
827,1,CSF1R,1,1-827,0,15.68,33.64,-18.15,5,0.0,,247
860,1,CSF1R,1,1-860,0,5.58,44.34,-17.39,5,0.0,,248
862,1,CSF1R,1,1-862,0,7.26,42.4,-21.08,5,0.0,,249
866,1,CSF1R,1,1-866,0,12,37.14,-20.66,5,0.0,,250
806,1,DDR1,2,2-806,0,11.73,32.66,-10.37,5,0.0,,251
807,1,DDR1,2,2-807,0,11.22,36.53,-14.98,5,0.0,,252
808,1,DDR1,2,2-808,0,10.76,41.42,-11.98,5,0.0,,253
810,1,DDR1,2,2-810,0,15.13,32.87,-13.79,5,0.0,,254
792,1,EPHB4,7,7-792,0,16.39,32.97,-18.2,5,0.0,,255
830,1,EPHB4,7,7-830,0,14.66,37.75,-20.27,5,0.0,,256
706,1,FGFR1,8,8-706,0,8.15,37.85,-18.12,5,0.0,,257
707,1,FGFR1,8,8-707,0,6.38,40.08,-23.19,5,0.0,,258
667,1,FGFR2,9,9-667,0,11.52,35.02,-14.64,5,0.0,,259
668,1,FGFR2,9,9-668,0,11.44,40.35,-11.37,5,0.0,,260
657,1,FGFR3,10,10-657,0,11.38,32.95,-10.34,5,0.0,,261
666,1,FGFR3,10,10-666,0,15.23,34.04,-18.42,5,0.0,,262
703,1,FGFR3,10,10-703,0,14.3,42.17,-16.58,5,0.0,,263
695,1,FGFR4,11,11-695,0,8.41,38.99,-15.96,5,0.0,,264
1063,1,FLT1,12,12-1063,0,10.82,35.84,-15.05,5,0.0,,265
1066,1,FLT1,12,12-1066,0,14.43,32.52,-13.3,5,0.0,,266
1105,1,FLT1,12,12-1105,0,9.08,40.58,-15.16,5,0.0,,267
1109,1,FLT1,12,12-1109,0,13.07,41.31,-17.09,5,0.0,,268
853,1,FLT3,13,13-853,0,11.64,41.2,-11.65,5,0.0,,269
855,1,FLT3,13,13-855,0,14.69,32.53,-13.71,5,0.0,,270
894,1,FLT3,13,13-894,0,8.03,39.92,-15.68,5,0.0,,271
1176,1,IGF1R,14,14-1176,0,11.35,35.63,-14.66,5,0.0,,272
1218,1,IGF1R,14,14-1218,0,6.72,38.87,-15.55,5,0.0,,273
1219,1,IGF1R,14,14-1219,0,7.85,38.53,-21.99,5,0.0,,274
1221,1,IGF1R,14,14-1221,0,12.59,41.3,-16.13,5,0.0,,275
1222,1,IGF1R,14,14-1222,0,12.52,37.26,-20.07,5,0.0,,276
1225,1,IGF1R,14,14-1225,0,18.31,40.45,-16.92,5,0.0,,277
1190,1,INSR,15,15-1190,0,6.04,36.54,-17.47,5,0.0,,278
1199,1,INSR,15,15-1199,0,11.85,32.29,-10.46,5,0.0,,279
1201,1,INSR,15,15-1201,0,10.32,41.33,-11.79,5,0.0,,280
1203,1,INSR,15,15-1203,0,15.12,32.87,-13.86,5,0.0,,281
1110,1,KDR,16,16-1110,0,4.77,44.05,-17.9,5,0.0,,282
1111,1,KDR,16,16-1111,0,9.29,40.94,-15.15,5,0.0,,283
1112,1,KDR,16,16-1112,0,8.19,42.54,-21.06,5,0.0,,284
841,1,KIT,17,17-841,0,15.3,33.48,-18.07,5,0.0,,285
876,1,KIT,17,17-876,0,7.71,42.98,-21.13,5,0.0,,286
879,1,KIT,17,17-879,0,13.13,42.01,-17.1,5,0.0,,287
767,1,MERTK,18,18-767,0,15.2,32.28,-13.05,5,0.0,,288
807,1,MERTK,18,18-807,0,5.91,41.13,-20.4,5,0.0,,289
761,1,NTRK2,21,21-761,0,8.53,46.17,-18.69,5,0.0,,290
762,1,NTRK2,21,21-762,0,11.87,41.29,-14.96,5,0.0,,291
710,1,NTRK3,22,22-710,0,5.7,35.56,-17.25,5,0.0,,292
733,1,NTRK3,22,22-733,0,12.04,31.99,-10.08,5,0.0,,293
737,1,NTRK3,22,22-737,0,15.47,32.54,-13.42,5,0.0,,294
779,1,NTRK3,22,22-779,0,11.72,41.31,-15.52,5,0.0,,295
783,1,NTRK3,22,22-783,0,17.28,39.56,-16.69,5,0.0,,296
902,1,PGFRA,23,23-902,0,7.77,43.32,-20.88,5,0.0,,297
914,1,RET,24,24-914,0,10.13,32.92,-8.9,5,0.0,,298
956,1,RET,24,24-956,0,6.44,43.78,-16.83,5,0.0,,299
957,1,RET,24,24-957,0,7.44,39.06,-15.09,5,0.0,,300
1048,1,TIE2,25,25-1048,0,12.46,36.36,-20.18,5,0.0,,301
823,104,KIT,17,17-823,0,7.31,32.67,-7.84,12,2.0,2.0,302
825,31,KIT,17,17-825,0,3.05,32.73,-17.55,12,1.5,1.5,303
829,28,KIT,17,17-829,0,7.08,27.43,-16.6,12,1.4,1.4,304
849,13,PGFRA,23,23-849,1,7.58,32.01,-8.25,12,1.1,1.1,305
1066,11,KDR,16,16-1066,0,2.32,28.98,-13.31,12,1.0,1.0,306
842,9,FLT3,13,13-842,0,7.47,32.15,-7.87,12,1.0,1.0,307
1065,8,KDR,16,16-1065,0,6.22,26.86,-15.92,12,0.9,0.9,308
1063,5,KDR,16,16-1063,0,5,28.57,-21.18,12,0.7,0.7,309
817,5,KIT,17,17-817,0,4.18,29.85,-8.1,12,0.7,0.7,310
851,5,PGFRA,23,23-851,0,3.46,31.87,-17.68,12,0.7,0.7,311
845,4,FLT3,13,13-845,0,7.91,29.06,-21.09,12,0.6,0.6,312
682,4,NTRK1,20,20-682,0,1.05,31.01,-14.2,12,0.6,0.6,313
729,4,NTRK3,22,22-729,0,5.72,24.27,-18.5,12,0.6,0.6,314
651,3,FGFR3,10,10-651,0,9.87,21.67,-19.22,12,0.5,0.5,315
1055,3,FLT1,12,12-1055,0,2.86,32.58,-16.66,12,0.5,0.5,316
1167,3,IGF1R,14,14-1167,0,3.21,27.92,-16.16,12,0.5,0.5,317
1191,3,INSR,15,15-1191,0,2.4,29.93,-16.02,12,0.5,0.5,318
827,3,KIT,17,17-827,0,6.79,29.65,-21.91,12,0.5,0.5,319
715,3,NTRK2,21,21-715,0,11.12,28.61,-13.7,12,0.5,0.5,320
816,2,CSF1R,1,1-816,0,2.13,29.12,-12.32,12,0.3,0.3,321
652,2,FGFR3,10,10-652,0,8.89,24.36,-22.67,12,0.3,0.3,322
653,2,FGFR3,10,10-653,0,4.39,26.33,-19.62,12,0.3,0.3,323
655,2,FGFR3,10,10-655,0,3.82,28.06,-12.32,12,0.3,0.3,324
1061,2,FLT1,12,12-1061,0,9.44,30.12,-14.21,12,0.3,0.3,325
849,2,FLT3,13,13-849,0,3.4,27.09,-12.66,12,0.3,0.3,326
1064,2,KDR,16,16-1064,0,2.71,24.61,-20.22,12,0.3,0.3,327
826,2,KIT,17,17-826,0,9.6,33.36,-20.67,12,0.3,0.3,328
831,2,KIT,17,17-831,0,10,30.3,-14.5,12,0.3,0.3,329
683,2,NTRK1,20,20-683,0,6.53,30.08,-19.06,12,0.3,0.3,330
709,2,NTRK2,21,21-709,0,9.98,30.37,-18.32,12,0.3,0.3,331
856,2,PGFRA,23,23-856,0,3.33,28.96,-13.38,12,0.3,0.3,332
811,1,CSF1R,1,1-811,0,2.48,30.68,-16.7,12,0.0,,333
813,1,CSF1R,1,1-813,0,6.43,24.95,-19.22,12,0.0,,334
800,1,DDR1,2,2-800,0,7.11,32.31,-26.03,12,0.0,,335
804,1,DDR1,2,2-804,0,5.04,30.14,-14.01,12,0.0,,336
781,1,EPHB4,7,7-781,0,5.44,29.47,-14.56,12,0.0,,337
846,1,FLT3,13,13-846,0,3.23,25.68,-19.45,12,0.0,,338
847,1,FLT3,13,13-847,0,4.26,21.27,-16.85,12,0.0,,339
848,1,FLT3,13,13-848,0,7.56,26.08,-15.73,12,0.0,,340
1053,1,KDR,16,16-1053,0,3.92,28.87,-7.89,12,0.0,,341
830,1,KIT,17,17-830,0,2.31,31.45,-13.11,12,0.0,,342
673,1,NTRK1,20,20-673,0,7.12,28.25,-8.11,12,0.0,,343
684,1,NTRK1,20,20-684,0,3.06,27.19,-19.38,12,0.0,,344
685,1,NTRK1,20,20-685,0,-0.3,26.13,-18.04,12,0.0,,345
700,1,NTRK2,21,21-700,0,0.23,26.86,-10.82,12,0.0,,346
706,1,NTRK2,21,21-706,0,7.48,31.38,-7.8,12,0.0,,347
712,1,NTRK2,21,21-712,0,6.21,22.99,-19.78,12,0.0,,348
713,1,NTRK2,21,21-713,0,8.37,25.12,-16.15,12,0.0,,349
700,1,NTRK3,22,22-700,0,3.5,30.24,-7.51,12,0.0,,350
709,1,NTRK3,22,22-709,0,7.86,31.75,-7.83,12,0.0,,351
711,1,NTRK3,22,22-711,0,4.63,28.53,-18.94,12,0.0,,352
712,1,NTRK3,22,22-712,0,8.8,31.44,-19.24,12,0.0,,353
730,1,NTRK3,22,22-730,0,8.33,25.23,-15.07,12,0.0,,354
732,1,NTRK3,22,22-732,0,10.86,29.66,-14.56,12,0.0,,355
843,1,PGFRA,23,23-843,0,3.52,29.01,-8.1,12,0.0,,356
853,1,PGFRA,23,23-853,0,6.04,26.39,-21,12,0.0,,357
857,1,PGFRA,23,23-857,0,10.43,29.79,-14.88,12,0.0,,358
911,1,RET,24,24-911,0,11.27,26.22,-14.62,12,0.0,,359
999,1,TIE2,25,25-999,0,4.45,31.06,-12.59,12,0.0,,360
559,451,KIT,17,17-559,1,21.95,16.44,-5.47,17,2.7,2.7,361
560,280,KIT,17,17-560,1,24.78,18.54,-10.07,17,2.4,2.4,362
561,68,PGFRA,23,23-561,1,21.92,16.7,-5.43,17,1.8,1.8,363
592,18,FLT3,13,13-592,1,20.73,13.08,-8.2,17,1.3,1.3,364
561,15,KIT,17,17-561,0,25.5,11.53,-11.9,17,1.2,1.2,365
562,13,KIT,17,17-562,0,28.75,13.93,-15.23,17,1.1,1.1,366
565,11,KIT,17,17-565,0,29.73,20.85,-20.52,17,1.0,1.0,367
566,9,KIT,17,17-566,0,28.62,23.08,-22.4,17,1.0,1.0,368
569,8,KIT,17,17-569,0,23.67,14.45,-15.81,17,0.9,0.9,369
641,5,FGFR3,10,10-641,0,21.29,17.01,-5.97,17,0.7,0.7,370
578,5,FLT3,13,13-578,0,22.12,15.56,-4.37,17,0.7,0.7,371
583,5,FLT3,13,13-583,0,31.57,17.68,-17.82,17,0.7,0.7,372
564,5,KIT,17,17-564,0,30.32,16.03,-20.06,17,0.7,0.7,373
571,5,KIT,17,17-571,0,22.13,12.11,-8.1,17,0.7,0.7,374
567,5,PGFRA,23,23-567,0,33.33,14.49,-20.4,17,0.7,0.7,375
650,4,FGFR2,9,9-650,0,22.19,14.85,-6.05,17,0.6,0.6,376
644,4,FGFR3,10,10-644,0,26.44,13.99,-9.02,17,0.6,0.6,377
579,4,FLT3,13,13-579,1,22.95,18.86,-9.68,17,0.6,0.6,378
588,4,FLT3,13,13-588,0,29.04,19.17,-20.34,17,0.6,0.6,379
554,3,CSF1R,1,1-554,0,26.46,13.6,-12.14,17,0.5,0.5,380
643,3,FGFR3,10,10-643,0,28.51,19.91,-7.95,17,0.5,0.5,381
646,3,FGFR3,10,10-646,0,27.74,15.27,-17.48,17,0.5,0.5,382
809,3,FLT1,12,12-809,0,23.35,11.8,-6.44,17,0.5,0.5,383
806,3,FLT3,13,13-806,0,26.73,18.27,-5.75,17,0.5,0.5,384
808,3,KDR,16,16-808,0,28.41,12.07,-14.04,17,0.5,0.5,385
563,3,KIT,17,17-563,0,28.87,20.39,-14.46,17,0.5,0.5,386
563,3,PGFRA,23,23-563,1,24.2,10.72,-10,17,0.5,0.5,387
570,3,PGFRA,23,23-570,0,28.44,21.51,-23.94,17,0.5,0.5,388
901,3,RET,24,24-901,0,27.72,13.62,-12.23,17,0.5,0.5,389
903,3,RET,24,24-903,0,30.34,20.24,-11.69,17,0.5,0.5,390
988,3,TIE2,25,25-988,0,23.84,17.49,-9.58,17,0.5,0.5,391
761,2,DDR1,2,2-761,0,28.13,19.1,-6.94,17,0.3,0.3,392
580,2,FLT3,13,13-580,0,26.5,12.78,-10.64,17,0.3,0.3,393
584,2,FLT3,13,13-584,0,34.29,21.28,-18.16,17,0.3,0.3,394
590,2,FLT3,13,13-590,1,22.84,13.3,-14.12,17,0.3,0.3,395
570,2,KIT,17,17-570,0,20.23,18.52,-12.69,17,0.3,0.3,396
564,2,PGFRA,23,23-564,0,27.31,12.66,-13.59,17,0.3,0.3,397
569,2,PGFRA,23,23-569,0,30.28,19.39,-20.2,17,0.3,0.3,398
557,1,CSF1R,1,1-557,0,37.04,20.66,-12.85,17,0.0,,399
565,1,CSF1R,1,1-565,0,19.87,10.87,-7.82,17,0.0,,400
735,1,EPHB4,7,7-735,0,27.83,18.82,-6.07,17,0.0,,401
618,1,FGFR1,8,8-618,0,28,17.15,-5.88,17,0.0,,402
652,1,FGFR2,9,9-652,0,26.64,14.45,-5.34,17,0.0,,403
654,1,FGFR2,9,9-654,0,23.81,13.23,-13.81,17,0.0,,404
642,1,FGFR3,10,10-642,0,22.19,18.74,-11.55,17,0.0,,405
645,1,FGFR3,10,10-645,0,30.51,14.45,-14.44,17,0.0,,406
1017,1,FLT1,12,12-1017,0,27.92,18.26,-5.88,17,0.0,,407
803,1,FLT1,12,12-803,0,28.76,15.93,-14.42,17,0.0,,408
581,1,FLT3,13,13-581,0,29.18,18.33,-12.73,17,0.0,,409
582,1,FLT3,13,13-582,0,27.83,14.9,-16.83,17,0.0,,410
1023,1,KDR,16,16-1023,0,28.71,16.73,-4.91,17,0.0,,411
812,1,KDR,16,16-812,0,22.75,18.93,-9.8,17,0.0,,412
816,1,KDR,16,16-816,0,19.65,11.04,-11.65,17,0.0,,413
718,1,MERTK,18,18-718,0,28.72,19.01,-5.82,17,0.0,,414
645,1,NTRK1,20,20-645,0,29.48,19.43,-6.25,17,0.0,,415
674,1,NTRK3,22,22-674,0,29.35,18.64,-6.25,17,0.0,,416
562,1,PGFRA,23,23-562,0,25.04,18.49,-10.23,17,0.0,,417
565,1,PGFRA,23,23-565,0,29.1,17.91,-14.92,17,0.0,,418
566,1,PGFRA,23,23-566,0,29.08,15.77,-20.13,17,0.0,,419
568,1,PGFRA,23,23-568,0,30.77,17.98,-23.33,17,0.0,,420
899,1,RET,24,24-899,0,25.17,19.66,-9.42,17,0.0,,421
902,1,RET,24,24-902,0,27.91,15.75,-16.18,17,0.0,,422
576,283,KIT,17,17-576,1,19.81,10.07,-2.55,21,2.5,2.5,423
642,171,KIT,17,17-642,1,15.06,9.1,-0.4,21,2.2,2.2,424
572,17,KIT,17,17-572,0,16.44,9.02,-9.62,21,1.2,1.2,425
577,15,KIT,17,17-577,0,20.3,6.48,1.1,21,1.2,1.2,426
594,12,FLT3,13,13-594,1,17.65,11.37,-3.66,21,1.1,1.1,427
573,12,KIT,17,17-573,0,15.93,12.25,-6.27,21,1.1,1.1,428
663,10,FLT3,13,13-663,1,13.91,8.73,-0.62,21,1.0,1.0,429
812,7,FLT1,12,12-812,0,19.73,5.77,-7.36,21,0.8,0.8,430
577,5,PGFRA,23,23-577,0,15.1,12.58,-6.33,21,0.7,0.7,431
597,4,FLT3,13,13-597,0,19.54,6.5,-4.87,21,0.6,0.6,432
574,4,KIT,17,17-574,0,13.99,7.67,-6.59,21,0.6,0.6,433
646,4,PGFRA,23,23-646,0,13.9,9.27,-0.9,21,0.6,0.6,434
567,3,CSF1R,1,1-567,0,15.8,11.73,-5.56,21,0.5,0.5,435
593,3,FLT3,13,13-593,0,14.42,11.1,-9.23,21,0.5,0.5,436
639,3,KIT,17,17-639,0,12.37,11.76,-3.58,21,0.5,0.5,437
646,3,KIT,17,17-646,0,23.72,14.39,-0.6,21,0.5,0.5,438
590,3,NTRK3,22,22-590,0,16.64,10.23,-0.61,21,0.5,0.5,439
781,3,RET,24,24-781,0,21.13,13.8,0.67,21,0.5,0.5,440
811,2,FLT1,12,12-811,0,15.06,10.02,-7.31,21,0.3,0.3,441
814,2,FLT1,12,12-814,0,19.2,5.69,0.2,21,0.3,0.3,442
821,2,KDR,16,16-821,0,19.38,6.44,1.28,21,0.3,0.3,443
891,2,KDR,16,16-891,0,23.11,13.9,0.01,21,0.3,0.3,444
528,2,NTRK2,21,21-528,0,23.56,9.08,4.61,21,0.3,0.3,445
580,2,PGFRA,23,23-580,0,18.72,9.15,-3.19,21,0.3,0.3,446
581,2,PGFRA,23,23-581,0,18.5,5.59,0.25,21,0.3,0.3,447
566,1,CSF1R,1,1-566,0,20.31,11.55,-3.06,21,0.0,,448
570,1,CSF1R,1,1-570,0,17.05,7.24,0.48,21,0.0,,449
632,1,CSF1R,1,1-632,0,11.76,13.03,-4.57,21,0.0,,450
639,1,CSF1R,1,1-639,0,22.77,13.17,-0.11,21,0.0,,451
678,1,DDR1,2,2-678,0,23.14,14.68,-0.32,21,0.0,,452
537,1,FGFR1,8,8-537,0,21.33,11.08,0.92,21,0.0,,453
540,1,FGFR2,9,9-540,0,21.97,15.4,-1.38,21,0.0,,454
522,1,FGFR4,11,11-522,0,13.6,9.4,0.79,21,0.0,,455
884,1,FLT1,12,12-884,0,21.4,10.77,2.13,21,0.0,,456
596,1,FLT3,13,13-596,0,13.93,3.82,-8.83,21,0.0,,457
1056,1,IGF1R,14,14-1056,0,21.46,14.66,0.73,21,0.0,,458
819,1,KDR,16,16-819,0,21.35,6.38,-7.13,21,0.0,,459
575,1,KIT,17,17-575,0,17.94,5.05,-7.26,21,0.0,,460
572,1,MERTK,18,18-572,0,24.39,5.64,2.46,21,0.0,,461
566,1,NTRK1,20,20-566,0,22.5,13.98,0.69,21,0.0,,462
587,1,NTRK3,22,22-587,0,12.45,13.76,-3.49,21,0.0,,463
594,1,NTRK3,22,22-594,0,21.03,12.64,2.17,21,0.0,,464
576,1,PGFRA,23,23-576,0,14.99,9.72,-9.95,21,0.0,,465
650,1,PGFRA,23,23-650,0,22.58,12.75,-0.85,21,0.0,,466
777,1,RET,24,24-777,0,16.25,12.49,-1.51,21,0.0,,467
871,1,TIE2,25,25-871,0,12.75,11.64,-5.75,21,0.0,,468
816,2171,KIT,17,17-816,1,-0.86,28.21,-6.02,26,3.3,3.3,469
835,1489,FLT3,13,13-835,1,-1.66,28.93,-5.42,26,3.2,3.2,470
842,637,PGFRA,23,23-842,1,-1.83,29.26,-5.29,26,2.8,2.8,471
822,322,KIT,17,17-822,0,7.46,38.75,-6.84,26,2.5,2.5,472
820,116,KIT,17,17-820,0,4.26,35.88,-5.2,26,2.1,2.1,473
839,32,FLT3,13,13-839,1,4.49,35.43,-5,26,1.5,1.5,474
841,28,FLT3,13,13-841,1,7.46,38.44,-7.38,26,1.4,1.4,475
836,24,FLT3,13,13-836,1,-1.04,30.7,-9.83,26,1.4,1.4,476
846,12,PGFRA,23,23-846,0,4.19,34.6,-5.77,26,1.1,1.1,477
837,7,FLT3,13,13-837,0,-4.79,34.42,-6.47,26,0.8,0.8,478
1052,7,KDR,16,16-1052,0,-1.23,29.91,-4.48,26,0.8,0.8,479
818,7,KIT,17,17-818,0,-2.99,30.13,-8.68,26,0.8,0.8,480
1052,6,FLT1,12,12-1052,0,7.62,37.66,-5.95,26,0.8,0.8,481
701,6,NTRK3,22,22-701,0,1.5,30.91,-1.88,26,0.8,0.8,482
847,6,PGFRA,23,23-847,0,3.21,38.89,-8.35,26,0.8,0.8,483
1056,4,KDR,16,16-1056,0,4.01,34.85,-4.91,26,0.6,0.6,484
821,4,KIT,17,17-821,0,3.11,39.65,-8.57,26,0.6,0.6,485
708,4,NTRK3,22,22-708,0,7.92,37.04,-6.03,26,0.6,0.6,486
848,4,PGFRA,23,23-848,0,7.48,37.72,-6.73,26,0.6,0.6,487
679,3,NTRK1,20,20-679,0,8.33,37.43,-6.17,26,0.5,0.5,488
702,3,NTRK2,21,21-702,0,0.26,30.86,-2.16,26,0.5,0.5,489
845,3,PGFRA,23,23-845,0,-3.73,32.94,-5.89,26,0.5,0.5,490
475,2,FGFR4,11,11-475,0,-0.81,32.89,3.12,26,0.3,0.3,491
1051,2,FLT1,12,12-1051,0,2.89,39.06,-7.28,26,0.3,0.3,492
838,2,FLT3,13,13-838,0,0.64,33.86,-2.51,26,0.3,0.3,493
819,2,KIT,17,17-819,0,-2.57,33.03,-5.59,26,0.3,0.3,494
704,2,NTRK3,22,22-704,0,-1.32,34.21,-0.59,26,0.3,0.3,495
705,2,NTRK3,22,22-705,0,-1.52,38.12,-7.56,26,0.3,0.3,496
707,2,NTRK3,22,22-707,0,4.46,39.71,-8.51,26,0.3,0.3,497
844,2,PGFRA,23,23-844,0,-1.32,29.57,-11.03,26,0.3,0.3,498
793,1,DDR1,2,2-793,0,1.82,35.77,-7.18,26,0.0,,499
660,1,FGFR1,8,8-660,0,2.57,39.1,-6.35,26,0.0,,500
1046,1,FLT1,12,12-1046,0,-0.76,30.42,-3.47,26,0.0,,501
1050,1,FLT1,12,12-1050,0,4.11,35.62,-4.58,26,0.0,,502
840,1,FLT3,13,13-840,0,2.58,38.98,-8.83,26,0.0,,503
1161,1,IGF1R,14,14-1161,0,5.97,36.35,-0.53,26,0.0,,504
1162,1,IGF1R,14,14-1162,0,0.19,33.87,-7.01,26,0.0,,505
1163,1,IGF1R,14,14-1163,0,2.95,38.27,-8.11,26,0.0,,506
1182,1,INSR,15,15-1182,0,1.32,29.9,-5.57,26,0.0,,507
1186,1,INSR,15,15-1186,0,2.04,34.46,-6.86,26,0.0,,508
1187,1,INSR,15,15-1187,0,3.05,39.1,-8.39,26,0.0,,509
1055,1,KDR,16,16-1055,0,-2.63,34.42,-4,26,0.0,,510
1057,1,KDR,16,16-1057,0,2.84,38.63,-7.24,26,0.0,,511
701,1,NTRK2,21,21-701,0,-2.17,28.71,-5.06,26,0.0,,512
557,258,KIT,17,17-557,1,16.59,22.92,-1.51,28,2.4,2.4,513
576,15,FLT3,13,13-576,0,17.34,22.45,-1.79,28,1.2,1.2,514
652,15,PGFRA,23,23-652,0,22.69,16.3,5.92,28,1.2,1.2,515
537,11,FGFR2,9,9-537,0,18,17.83,-2.48,28,1.0,1.0,516
617,7,FGFR2,9,9-617,0,22.93,24.39,0.18,28,0.8,0.8,517
664,6,FLT3,13,13-664,0,17.33,16.43,-1.5,28,0.8,0.8,518
648,5,FGFR2,9,9-648,0,16.9,21.82,-4.99,28,0.7,0.7,519
528,5,FGFR3,10,10-528,0,17.76,15.72,-2.33,28,0.7,0.7,520
1021,5,KDR,16,16-1021,0,29.52,21.17,0.54,28,0.7,0.7,521
1022,5,KDR,16,16-1022,0,26.6,17.01,1.63,28,0.7,0.7,522
1282,4,IGF1R,14,14-1282,0,33.02,22.78,8.78,28,0.6,0.6,523
647,4,KIT,17,17-647,0,21.56,18.6,1.45,28,0.6,0.6,524
643,4,NTRK1,20,20-643,0,29.95,22.03,-1.91,28,0.6,0.6,525
614,3,FGFR1,8,8-614,0,22.52,24.06,0.37,28,0.5,0.5,526
542,3,FGFR2,9,9-542,0,22.8,17.43,6.06,28,0.5,0.5,527
1080,3,INSR,15,15-1080,0,21.39,14.78,5.04,28,0.5,0.5,528
893,3,KDR,16,16-893,0,22.42,17.04,6.51,28,0.5,0.5,529
788,3,KIT,17,17-788,0,21.56,21.12,-3.33,28,0.5,0.5,530
667,3,NTRK2,21,21-667,0,23.03,24.36,0.07,28,0.5,0.5,531
670,3,NTRK2,21,21-670,0,27.25,18.57,0.94,28,0.5,0.5,532
955,3,TIE2,25,25-955,0,22.74,23.57,0.68,28,0.5,0.5,533
641,2,CSF1R,1,1-641,0,22.89,16.55,6.45,28,0.3,0.3,534
731,2,EPHB4,7,7-731,0,23.03,23.86,-0.53,28,0.3,0.3,535
733,2,EPHB4,7,7-733,0,32.24,21.47,-1.01,28,0.3,0.3,536
538,2,FGFR1,8,8-538,0,21.5,18.18,1.38,28,0.3,0.3,537
620,2,FGFR2,9,9-620,0,27,18.48,1.39,28,0.3,0.3,538
532,2,FGFR3,10,10-532,0,21.31,18.26,0.89,28,0.3,0.3,539
611,2,FGFR3,10,10-611,0,26.8,18.31,0.96,28,0.3,0.3,540
637,2,FGFR3,10,10-637,0,15.15,19.91,-1.92,28,0.3,0.3,541
606,2,FGFR4,11,11-606,0,26.41,17.44,1.74,28,0.3,0.3,542
885,2,FLT1,12,12-885,0,21.34,18.66,3.42,28,0.3,0.3,543
669,2,FLT3,13,13-669,0,23.19,16.56,6.72,28,0.3,0.3,544
1126,2,IGF1R,14,14-1126,0,22.41,23.44,-0.46,28,0.3,0.3,545
1128,2,IGF1R,14,14-1128,0,29.62,21.17,-1.01,28,0.3,0.3,546
643,2,KIT,17,17-643,0,17.49,15.79,-1.37,28,0.3,0.3,547
783,2,KIT,17,17-783,0,22.45,24.17,-0.17,28,0.3,0.3,548
786,2,KIT,17,17-786,0,27.07,18.4,1.17,28,0.3,0.3,549
641,2,NTRK1,20,20-641,0,22.92,24.19,-0.84,28,0.3,0.3,550
644,2,NTRK1,20,20-644,0,26.36,18.71,-0.63,28,0.3,0.3,551
591,2,NTRK3,22,22-591,0,17.43,17.07,-0.95,28,0.3,0.3,552
559,2,PGFRA,23,23-559,0,16.83,23.01,-1.86,28,0.3,0.3,553
782,2,RET,24,24-782,0,21.62,18.9,3.86,28,0.3,0.3,554
868,2,RET,24,24-868,0,27.17,18.3,0.99,28,0.3,0.3,555
880,2,TIE2,25,25-880,0,22.49,16.66,6.36,28,0.3,0.3,556
881,2,TIE2,25,25-881,0,21.12,17.81,10.57,28,0.3,0.3,557
772,1,CSF1R,1,1-772,0,26.79,18.48,1.06,28,0.0,,558
667,1,EPHB4,7,7-667,0,16.15,17.05,-1.73,28,0.0,,559
672,1,EPHB4,7,7-672,0,24.25,17.5,10.17,28,0.0,,560
734,1,EPHB4,7,7-734,0,26.85,18.33,0.52,28,0.0,,561
736,1,EPHB4,7,7-736,0,20.09,21.05,-3.88,28,0.0,,562
534,1,FGFR1,8,8-534,0,17.58,16.91,-2.32,28,0.0,,563
539,1,FGFR1,8,8-539,0,22.71,16.65,6.21,28,0.0,,564
541,1,FGFR2,9,9-541,0,21.33,19.8,1.92,28,0.0,,565
619,1,FGFR2,9,9-619,0,30.11,22.05,0.07,28,0.0,,566
645,1,FGFR2,9,9-645,0,16.47,23.12,0.6,28,0.0,,567
533,1,FGFR3,10,10-533,0,22.83,16.86,5.56,28,0.0,,568
608,1,FGFR3,10,10-608,0,22.36,24.04,0.13,28,0.0,,569
528,1,FGFR4,11,11-528,0,22.65,16.77,5.72,28,0.0,,570
1018,1,FLT1,12,12-1018,0,21.23,21.1,-3.01,28,0.0,,571
886,1,FLT1,12,12-886,0,23.77,17.74,7.14,28,0.0,,572
668,1,FLT3,13,13-668,0,21.44,18.25,2.27,28,0.0,,573
670,1,FLT3,13,13-670,0,22.53,19.44,10.22,28,0.0,,574
804,1,FLT3,13,13-804,0,31.33,20.09,1.18,28,0.0,,575
807,1,FLT3,13,13-807,0,22.34,20,-3.23,28,0.0,,576
1053,1,IGF1R,14,14-1053,0,14.39,16.64,-0.83,28,0.0,,577
1058,1,IGF1R,14,14-1058,0,23.5,18.04,9.91,28,0.0,,578
1154,1,IGF1R,14,14-1154,0,14.96,22.71,-0.52,28,0.0,,579
1283,1,IGF1R,14,14-1283,0,37.97,19.86,10.08,28,0.0,,580
1284,1,IGF1R,14,14-1284,0,32.45,19.16,6.53,28,0.0,,581
1285,1,IGF1R,14,14-1285,0,34.89,24.28,3.3,28,0.0,,582
1152,1,INSR,15,15-1152,0,29.37,21.36,-0.86,28,0.0,,583
1308,1,INSR,15,15-1308,0,30.75,18.94,7.2,28,0.0,,584
648,1,KIT,17,17-648,0,22.97,17.01,6.41,28,0.0,,585
649,1,KIT,17,17-649,0,22.09,20.16,11,28,0.0,,586
643,1,MERTK,18,18-643,0,22.95,13.42,5.66,28,0.0,,587
644,1,MERTK,18,18-644,0,21.7,19.17,3.04,28,0.0,,588
567,1,NTRK1,20,20-567,0,20.3,19.32,1.3,28,0.0,,589
596,1,NTRK2,21,21-596,0,20.96,18.18,8.96,28,0.0,,590
672,1,NTRK2,21,21-672,0,20.38,21.43,-2.76,28,0.0,,591
672,1,NTRK3,22,22-672,0,30.05,21.52,-0.37,28,0.0,,592
673,1,NTRK3,22,22-673,0,27.24,18.26,0.01,28,0.0,,593
651,1,PGFRA,23,23-651,0,21.47,17.99,0.93,28,0.0,,594
653,1,PGFRA,23,23-653,0,22.69,18.22,9.16,28,0.0,,595
778,1,RET,24,24-778,0,17.75,17.72,-0.66,28,0.0,,596
867,1,RET,24,24-867,0,32.26,23,0.38,28,0.0,,597
957,1,TIE2,25,25-957,0,31.86,22.92,-0.36,28,0.0,,598
